{"cameraMode":{"drawMode":2,"name":"Shaded Wireframe","section":"Shading Mode"},"sceneLighting":true,"audioPlay":false,"sceneViewState":{"m_AlwaysRefresh":false,"showFog":true,"showSkybox":true,"showFlares":true,"showImageEffects":true,"showParticleSystems":true,"showVisualEffectGraphs":true,"m_FxEnabled":true},"in2DMode":false,"pivot":{"x":12.142705917358399,"y":-7.329159736633301,"z":16.744489669799806},"rotation":{"x":0.20575767755508424,"y":-0.026417650282382966,"z":0.005594323389232159,"w":0.9782622456550598},"size":20.374652862548829,"orthographic":false}